Sample_ID,Rainfall_mm,Soil_Moisture_percent,Vibration_g,Slope_Displacement_mm,RiskLevel
1,132.9,41.31,1.746,9.86,HIGH
2,128.73,82.44,1.843,17.07,HIGH
3,35.53,31.56,0.392,2.45,LOW
4,7.75,90.31,0.542,29.22,MEDIUM
5,41.39,20.26,0.555,7.81,LOW
6,128.65,84.55,1.907,37.7,HIGH
7,21.11,19.44,0.775,2.61,LOW
8,144.18,79.58,1.875,9.88,HIGH
9,45.25,78.45,0.435,15.43,MEDIUM
10,130.21,31.98,1.147,23.89,HIGH
11,114.87,83.06,0.748,25.87,HIGH
12,1.43,30.1,1.419,2.32,LOW
13,23.35,19.48,0.602,5.96,LOW
14,78.46,40.21,0.721,34.15,HIGH
15,48.13,21.42,0.084,12.99,LOW
16,56.37,28.81,0.072,0.04,LOW
17,116.2,19.76,0.252,30.23,MEDIUM
18,119.22,13.74,1.629,5.89,MEDIUM
19,25.1,71.01,1.769,43.59,HIGH
20,69.8,71.13,1.536,9.77,MEDIUM
21,28.49,18.3,0.104,8.55,LOW
22,36.8,80.33,1.022,19.29,MEDIUM
23,149.65,28.65,0.195,1.89,MEDIUM
24,19.04,68.37,0.063,7.29,LOW
25,2.87,86.26,0.48,0.5,LOW
26,8.74,30.83,0.54,17.77,LOW
27,19.16,39.96,1.702,21.1,MEDIUM
28,15.67,59.39,0.908,30.4,MEDIUM
29,10.85,86.38,1.176,0.13,LOW
30,5.96,25.21,0.407,44.08,MEDIUM
31,31.36,60.91,0.117,5.46,LOW
32,113.0,70.3,0.167,48.19,HIGH
33,103.17,73.57,0.115,8.65,MEDIUM
34,39.49,76.68,0.242,25.46,MEDIUM
35,32.62,50.55,0.119,7.76,LOW
36,120.38,88.6,0.328,6.82,MEDIUM
37,146.48,21.96,0.232,10.79,MEDIUM
38,20.89,39.36,0.932,4.89,LOW
39,84.95,25.85,0.496,2.17,LOW
40,55.16,70.69,0.498,4.86,MEDIUM
41,29.07,78.36,0.617,41.7,HIGH
42,32.21,18.0,0.756,2.11,LOW
43,89.51,58.63,1.066,45.7,HIGH
44,58.33,21.71,0.805,8.48,LOW
45,42.14,22.59,1.844,40.87,HIGH
46,26.95,35.25,0.199,15.64,LOW
47,13.72,25.72,0.404,15.41,LOW
48,22.81,20.23,0.344,8.95,LOW
49,2.69,92.81,0.25,8.29,LOW
50,30.45,26.37,0.459,1.45,LOW
51,100.71,30.56,0.472,6.14,MEDIUM
52,70.64,25.81,1.607,30.18,HIGH
53,20.17,81.59,0.26,5.98,LOW
54,26.57,33.34,0.626,3.32,LOW
55,117.1,17.1,1.314,33.7,HIGH
56,40.7,13.21,1.168,3.19,LOW
57,115.88,43.62,1.864,39.49,HIGH
58,96.3,54.31,0.167,45.49,HIGH
59,113.18,51.8,1.265,46.09,HIGH
60,33.35,32.99,0.204,8.59,LOW
61,3.66,11.76,0.781,11.69,LOW
62,13.22,28.64,0.15,19.5,LOW
63,7.47,10.62,1.463,5.84,LOW
64,30.24,25.05,1.97,1.16,LOW
65,37.32,11.89,1.999,4.18,LOW
66,95.01,55.03,0.932,46.47,HIGH
67,16.56,17.92,1.215,11.79,LOW
68,21.99,29.72,0.149,29.85,MEDIUM
69,91.16,13.4,0.44,30.89,MEDIUM
70,63.43,38.91,1.019,8.92,MEDIUM
71,85.43,77.28,0.857,5.99,MEDIUM
72,7.14,68.33,0.597,5.86,LOW
73,141.2,67.25,1.076,28.83,HIGH
74,45.01,42.35,0.163,4.38,LOW
75,10.69,21.27,1.419,5.18,LOW
76,139.28,42.09,0.788,13.23,MEDIUM
77,97.18,14.67,0.441,5.69,LOW
78,72.61,36.02,0.318,6.26,LOW
79,126.84,43.71,1.844,29.86,HIGH
80,1.82,92.08,1.857,32.23,HIGH
81,10.05,55.26,1.734,45.79,HIGH
82,29.4,75.89,0.33,2.66,LOW
83,116.27,49.12,1.543,49.14,HIGH
84,19.77,20.05,1.694,3.09,LOW
85,81.72,47.24,0.061,28.67,MEDIUM
86,102.38,22.42,1.279,45.81,HIGH
87,88.62,22.21,1.677,41.38,HIGH
88,22.12,30.29,0.19,4.15,LOW
89,34.83,48.38,1.306,31.26,HIGH
90,66.47,60.24,0.119,5.98,MEDIUM
91,19.18,23.24,1.647,11.64,MEDIUM
92,142.07,50.35,1.857,4.32,MEDIUM
93,10.05,74.01,1.143,0.25,LOW
94,11.66,46.67,0.05,2.35,LOW
95,41.52,73.85,0.172,37.06,HIGH
96,9.31,89.53,0.501,33.46,MEDIUM
97,89.23,63.45,0.847,3.58,MEDIUM
98,106.55,78.4,1.605,39.68,HIGH
99,1.95,20.87,0.483,6.22,LOW
100,33.07,18.8,1.745,3.09,LOW
101,33.7,22.37,0.295,27.84,MEDIUM
102,115.64,24.54,0.072,0.34,LOW
103,37.34,34.28,0.898,20.38,MEDIUM
104,10.99,58.27,0.908,1.39,LOW
105,120.85,59.39,1.48,30.78,HIGH
106,42.76,18.43,0.785,12.24,MEDIUM
107,21.96,88.88,0.789,32.2,HIGH
108,10.01,50.93,1.915,42.55,HIGH
109,113.02,45.71,1.161,32.63,HIGH
110,51.8,12.35,1.926,36.14,HIGH
111,14.89,47.5,0.227,8.59,LOW
112,16.21,79.13,0.971,45.74,HIGH
113,74.72,23.3,0.38,3.7,LOW
114,126.22,29.65,1.068,26.24,HIGH
115,52.64,18.8,0.185,35.04,MEDIUM
116,123.22,74.52,1.017,17.04,HIGH
117,0.2,20.38,0.157,28.55,LOW
118,48.11,51.86,0.468,2.19,LOW
119,118.91,24.14,0.277,10.84,MEDIUM
120,29.72,24.15,1.65,4.18,LOW
121,37.16,84.16,1.238,14.84,MEDIUM
122,116.52,31.92,0.481,41.88,HIGH
123,93.05,92.56,0.309,20.95,HIGH
124,117.43,47.43,1.208,18.21,HIGH
125,47.59,31.01,1.484,28.33,MEDIUM
126,95.67,42.1,1.012,42.3,HIGH
127,59.68,30.54,0.404,7.58,LOW
128,50.17,40.18,0.707,4.78,LOW
129,47.42,69.85,1.592,1.08,MEDIUM
130,79.72,14.75,1.989,21.16,MEDIUM
131,86.44,15.68,0.056,8.94,LOW
132,114.72,65.55,0.629,42.11,HIGH
133,7.78,25.41,1.881,5.53,LOW
134,4.87,84.5,0.425,0.97,LOW
135,135.79,55.74,1.56,11.75,HIGH
136,33.31,61.95,1.51,10.39,MEDIUM
137,22.74,41.88,1.533,6.69,MEDIUM
138,16.89,42.43,1.031,16.57,MEDIUM
139,84.2,70.45,1.66,5.44,MEDIUM
140,129.33,82.29,0.627,29.31,HIGH
141,128.95,92.51,1.793,4.61,HIGH
142,79.85,56.5,0.354,22.25,MEDIUM
143,19.72,28.32,0.509,14.91,LOW
144,77.57,49.75,0.054,29.87,MEDIUM
145,108.02,68.69,0.062,18.89,MEDIUM
146,86.33,36.79,0.15,9.13,MEDIUM
147,129.4,12.1,1.649,14.03,MEDIUM
148,64.17,40.69,0.08,40.25,MEDIUM
149,50.58,34.6,1.653,12.27,MEDIUM
150,32.24,86.6,0.761,10.28,MEDIUM
151,144.75,57.64,0.171,30.57,HIGH
152,39.25,16.53,1.313,2.55,LOW
153,116.23,22.82,0.482,22.84,MEDIUM
154,6.04,14.15,0.276,5.07,LOW
155,37.54,26.22,1.971,46.36,HIGH
156,83.52,45.01,0.73,28.39,MEDIUM
157,46.56,11.36,0.421,19.17,LOW
158,29.24,30.82,1.149,6.22,LOW
159,102.33,84.39,0.919,37.67,HIGH
160,55.28,53.37,0.444,2.24,LOW
161,68.28,47.26,1.76,33.85,HIGH
162,130.27,70.93,1.887,29.52,HIGH
163,92.74,91.79,0.809,26.11,HIGH
164,40.22,39.01,0.296,4.55,LOW
165,32.96,25.88,0.644,7.37,LOW
166,115.92,58.14,0.621,49.68,HIGH
167,10.14,20.66,0.135,11.1,LOW
168,34.7,69.54,1.405,36.69,HIGH
169,139.49,88.27,0.655,23.23,HIGH
170,9.79,58.5,1.325,1.4,LOW
171,14.71,58.05,1.076,13.63,MEDIUM
172,18.44,78.16,1.204,38.6,HIGH
173,1.5,46.31,1.029,3.32,LOW
174,37.26,13.84,0.927,6.93,LOW
175,9.49,55.17,1.069,2.07,LOW
176,23.65,76.82,1.972,18.0,MEDIUM
177,18.7,20.03,0.055,7.32,LOW
178,117.36,82.89,0.883,15.91,HIGH
179,43.35,10.11,0.25,12.36,LOW
180,62.61,94.45,0.655,6.22,MEDIUM
181,55.16,11.92,0.224,46.03,MEDIUM
182,7.71,72.62,1.805,39.24,HIGH
183,85.11,28.62,0.117,5.28,LOW
184,57.54,53.38,0.84,38.03,HIGH
185,6.02,79.92,0.174,7.47,LOW
186,147.07,52.33,1.299,17.06,HIGH
187,14.16,55.68,0.932,21.0,MEDIUM
188,137.27,39.81,0.469,33.94,HIGH
189,72.97,94.0,0.459,2.67,MEDIUM
190,126.63,26.31,1.721,5.09,MEDIUM
191,94.41,31.38,1.698,37.84,HIGH
192,63.27,83.32,0.494,12.57,MEDIUM
193,40.35,33.21,0.292,6.84,LOW
194,141.45,18.66,1.803,27.3,HIGH
195,28.29,40.2,1.473,14.76,MEDIUM
196,80.7,12.53,1.17,0.52,LOW
197,42.15,15.06,0.103,12.66,LOW
198,127.26,62.11,1.879,35.57,HIGH
199,95.03,44.61,1.82,35.51,HIGH
200,6.08,14.77,1.988,6.14,LOW
201,87.94,52.52,0.606,31.26,HIGH
202,73.15,89.05,1.25,48.39,HIGH
203,60.36,31.21,1.988,11.65,MEDIUM
204,30.46,62.72,1.45,26.87,HIGH
205,75.77,39.32,1.612,22.0,HIGH
206,57.76,31.5,0.794,4.94,LOW
207,72.19,87.53,0.806,4.63,MEDIUM
208,27.69,37.89,0.653,49.5,MEDIUM
209,71.14,11.82,0.518,22.77,MEDIUM
210,10.94,86.69,1.44,36.76,HIGH
211,27.67,76.27,1.181,43.87,HIGH
212,47.15,93.42,0.651,5.81,MEDIUM
213,2.94,11.5,1.602,36.88,MEDIUM
214,148.52,26.09,1.404,24.84,HIGH
215,89.29,17.92,1.919,42.78,HIGH
216,1.36,81.69,0.565,4.74,LOW
217,17.22,48.53,0.887,20.59,MEDIUM
218,25.03,43.43,0.293,1.54,LOW
219,120.23,53.17,0.082,11.2,MEDIUM
220,26.08,18.85,0.313,46.43,MEDIUM
221,111.25,92.34,1.304,8.17,HIGH
222,122.81,51.88,0.29,22.62,HIGH
223,77.71,62.92,1.976,27.41,HIGH
224,103.21,80.68,0.245,48.06,HIGH
225,12.04,27.39,1.208,1.41,LOW
226,90.69,52.47,1.311,7.12,MEDIUM
227,79.11,19.65,0.783,18.06,MEDIUM
228,24.33,30.69,0.564,8.19,LOW
229,10.91,34.41,0.628,10.92,LOW
230,26.1,34.03,0.674,42.63,MEDIUM
231,15.87,13.89,0.629,24.06,LOW
232,2.24,52.27,1.52,0.56,LOW
233,89.45,31.17,1.027,33.29,HIGH
234,34.47,57.18,0.061,29.93,MEDIUM
235,126.98,94.76,0.754,16.21,HIGH
236,2.42,30.72,1.425,6.88,LOW
237,117.49,76.29,0.319,42.54,HIGH
238,83.52,19.34,0.45,26.64,MEDIUM
239,138.7,13.03,1.67,27.07,HIGH
240,13.61,78.77,0.356,43.41,HIGH
241,2.91,70.03,0.459,9.19,LOW
242,20.22,19.37,0.866,19.19,MEDIUM
243,32.65,52.51,0.361,9.58,LOW
244,87.58,76.03,1.407,47.99,HIGH
245,79.94,27.55,0.221,1.02,LOW
246,21.21,16.06,1.986,14.44,MEDIUM
247,125.53,46.32,1.281,7.14,MEDIUM
248,8.27,34.55,1.81,39.46,HIGH
249,26.48,36.73,0.069,9.35,LOW
250,26.15,15.51,0.306,16.71,LOW
251,93.31,40.11,1.213,2.95,MEDIUM
252,53.67,11.27,1.223,1.03,LOW
253,6.62,50.35,0.348,6.68,LOW
254,13.26,19.52,0.863,3.36,LOW
255,42.73,63.12,1.321,35.96,HIGH
256,18.89,60.83,1.896,42.36,HIGH
257,5.99,12.27,1.718,8.03,LOW
258,93.88,65.53,0.413,18.91,MEDIUM
259,60.57,12.6,1.448,2.36,LOW
260,87.63,43.79,1.628,16.16,HIGH
261,18.92,32.62,1.018,35.88,MEDIUM
262,56.58,44.1,0.072,6.01,LOW
263,9.34,44.89,1.036,44.17,HIGH
264,139.37,58.72,0.148,5.29,MEDIUM
265,53.0,24.16,1.924,17.05,MEDIUM
266,46.78,27.98,1.938,29.44,MEDIUM
267,26.03,55.4,1.562,7.05,MEDIUM
268,55.76,33.01,0.242,33.52,MEDIUM
269,22.19,35.38,1.452,31.23,HIGH
270,29.19,64.77,1.332,22.86,MEDIUM
271,10.13,63.93,0.225,19.56,MEDIUM
272,21.73,33.82,0.505,41.95,MEDIUM
273,93.35,50.89,0.068,23.09,MEDIUM
274,75.05,72.01,0.793,43.44,HIGH
275,12.2,39.28,0.154,14.25,LOW
276,9.29,21.5,0.998,9.64,LOW
277,5.94,19.67,1.201,10.31,LOW
278,36.02,10.02,0.425,12.79,LOW
279,142.31,90.87,0.108,1.88,MEDIUM
280,7.48,49.7,1.059,2.21,LOW
281,105.93,24.49,1.845,48.57,HIGH
282,110.63,82.41,1.198,25.4,HIGH
283,12.24,40.28,1.531,3.8,LOW
284,133.12,81.6,1.287,25.54,HIGH
285,62.86,48.35,1.4,5.85,MEDIUM
286,86.54,53.33,1.752,26.49,HIGH
287,101.43,57.04,0.352,16.88,MEDIUM
288,90.47,54.51,0.342,35.22,HIGH
289,52.88,64.86,0.687,15.5,MEDIUM
290,103.42,72.11,0.42,37.41,HIGH
291,18.52,12.43,1.87,13.86,MEDIUM
292,103.95,75.75,1.971,46.41,HIGH
293,34.93,25.07,1.718,21.68,MEDIUM
294,134.27,84.02,1.138,47.89,HIGH
295,37.31,68.48,0.078,4.82,LOW
296,19.08,47.73,0.507,40.61,MEDIUM
297,111.82,58.38,0.456,14.68,MEDIUM
298,140.51,63.26,0.666,28.13,HIGH
299,69.7,39.02,1.426,31.72,HIGH
300,145.47,94.14,1.064,35.46,HIGH
301,28.66,13.68,1.808,49.0,HIGH
302,138.39,45.26,1.684,34.64,HIGH
303,66.4,16.53,0.347,11.22,LOW
304,82.53,90.33,1.645,43.85,HIGH
305,54.81,19.22,0.345,41.39,MEDIUM
306,120.4,49.9,0.412,44.39,HIGH
307,93.71,36.47,1.406,20.93,HIGH
308,9.73,30.29,0.598,4.97,LOW
309,35.31,20.75,0.666,12.69,LOW
310,82.58,43.5,1.002,42.42,HIGH
311,13.42,92.31,0.357,5.2,LOW
312,7.92,14.28,0.218,10.61,LOW
313,40.79,12.45,0.732,31.55,MEDIUM
314,92.75,38.39,0.171,39.74,HIGH
315,38.26,37.25,1.642,0.53,LOW
316,2.62,80.93,0.108,16.84,MEDIUM
317,105.49,56.26,0.388,15.18,MEDIUM
318,143.09,26.16,1.3,46.67,HIGH
319,110.47,17.53,0.398,17.1,MEDIUM
320,72.39,42.71,0.807,49.96,HIGH
321,61.98,77.89,0.313,1.16,MEDIUM
322,111.07,66.25,0.7,26.65,HIGH
323,128.93,54.36,0.54,0.06,MEDIUM
324,28.06,30.68,1.114,37.43,MEDIUM
325,107.81,85.74,0.611,18.19,HIGH
326,85.05,14.98,0.098,30.08,MEDIUM
327,31.09,30.43,0.222,47.97,MEDIUM
328,66.02,18.48,0.138,1.65,LOW
329,34.46,34.27,1.507,44.46,HIGH
330,12.81,73.32,0.136,9.84,LOW
331,14.66,87.6,1.682,2.97,MEDIUM
332,15.69,21.21,0.858,5.06,LOW
333,37.39,28.92,0.306,11.79,LOW
334,76.89,35.33,0.115,4.47,LOW
335,101.57,53.03,0.552,40.64,HIGH
336,56.21,60.97,0.651,5.78,MEDIUM
337,75.54,69.01,1.515,5.54,MEDIUM
338,0.1,52.27,1.42,2.04,LOW
339,117.11,68.21,0.875,38.4,HIGH
340,119.63,17.5,0.466,1.11,LOW
341,141.06,41.25,1.961,46.79,HIGH
342,24.54,50.08,1.24,0.28,LOW
343,84.22,58.07,1.778,36.58,HIGH
344,81.0,57.13,1.465,9.07,MEDIUM
345,27.99,69.89,1.266,12.61,MEDIUM
346,85.42,14.62,0.565,30.62,MEDIUM
347,113.51,49.42,0.643,6.54,MEDIUM
348,10.41,25.89,0.956,40.74,MEDIUM
349,38.62,11.9,1.531,46.38,HIGH
350,33.02,20.01,0.656,6.12,LOW
351,5.55,33.2,0.653,15.58,LOW
352,3.78,13.39,0.479,17.07,LOW
353,46.68,32.85,0.508,5.65,LOW
354,7.67,74.64,0.137,12.93,LOW
355,18.89,91.95,0.317,25.32,MEDIUM
356,32.88,13.97,1.932,7.87,LOW
357,38.97,13.64,0.91,6.84,LOW
358,82.0,15.89,0.511,5.01,LOW
359,140.22,91.1,0.145,4.22,MEDIUM
360,14.95,17.91,0.434,19.32,LOW
361,51.88,27.57,0.973,30.14,MEDIUM
362,7.75,23.24,0.358,3.59,LOW
363,7.84,16.58,0.926,14.9,LOW
364,77.38,30.9,1.568,25.21,HIGH
365,54.76,53.71,0.618,45.68,HIGH
366,127.63,62.39,1.095,22.31,HIGH
367,46.76,29.73,0.662,8.15,LOW
368,60.7,90.61,0.79,14.74,HIGH
369,61.71,58.6,0.263,10.37,MEDIUM
370,3.33,41.76,0.302,49.55,MEDIUM
371,101.49,46.01,1.368,7.24,MEDIUM
372,37.85,51.52,1.865,27.96,HIGH
373,140.87,45.15,1.719,45.68,HIGH
374,89.41,31.49,0.093,47.77,MEDIUM
375,130.77,29.71,0.749,21.03,MEDIUM
376,127.44,26.25,0.361,2.61,MEDIUM
377,101.88,81.61,0.929,9.92,HIGH
378,33.54,14.47,0.959,4.39,LOW
379,104.22,66.42,1.194,32.2,HIGH
380,28.21,40.34,0.373,13.09,LOW
381,14.78,73.02,1.252,38.07,HIGH
382,127.13,58.06,0.527,47.13,HIGH
383,77.84,44.3,1.406,9.76,MEDIUM
384,53.32,83.29,0.392,26.21,HIGH
385,106.36,11.96,0.247,18.58,MEDIUM
386,140.02,31.7,1.108,24.66,HIGH
387,72.33,27.55,0.597,2.13,LOW
388,136.65,27.66,1.622,3.08,MEDIUM
389,15.7,26.09,0.583,4.57,LOW
390,136.7,86.05,0.428,24.61,HIGH
391,50.11,64.29,0.541,20.75,MEDIUM
392,30.21,82.22,0.586,0.85,LOW
393,62.16,20.61,1.87,39.93,HIGH
394,59.72,27.25,0.572,7.83,LOW
395,147.98,14.08,1.099,4.49,MEDIUM
396,114.37,24.43,1.865,47.65,HIGH
397,21.43,16.4,1.04,9.87,LOW
398,3.0,61.97,0.953,31.35,MEDIUM
399,17.18,62.56,1.392,14.75,MEDIUM
400,30.07,41.94,0.754,43.3,MEDIUM
401,12.03,65.55,0.469,18.33,MEDIUM
402,41.43,86.12,1.997,18.65,HIGH
403,25.36,13.23,1.446,1.29,LOW
404,99.57,81.36,0.618,41.81,HIGH
405,39.68,15.13,0.974,10.04,MEDIUM
406,1.06,92.64,0.459,5.58,LOW
407,19.88,90.55,0.401,0.36,LOW
408,40.46,80.16,0.196,3.52,LOW
409,89.35,34.41,0.548,2.98,MEDIUM
410,28.2,86.14,0.131,6.89,MEDIUM
411,64.45,39.56,1.382,17.57,MEDIUM
412,32.81,25.89,1.96,16.07,MEDIUM
413,107.42,39.06,1.161,3.37,MEDIUM
414,25.48,75.74,0.336,1.76,LOW
415,5.64,10.93,1.285,15.98,MEDIUM
416,98.24,61.72,1.344,6.63,MEDIUM
417,3.66,42.85,1.519,3.17,LOW
418,1.36,23.68,1.59,18.39,MEDIUM
419,9.85,78.97,0.725,29.82,MEDIUM
420,6.11,76.84,0.73,15.56,MEDIUM
421,72.8,11.71,0.288,16.6,LOW
422,25.12,48.94,0.694,3.81,LOW
423,119.2,80.76,1.471,5.29,HIGH
424,8.96,84.74,1.106,7.51,MEDIUM
425,24.1,34.22,0.502,16.18,MEDIUM
426,92.28,18.83,0.139,8.83,LOW
427,46.92,16.6,1.715,25.19,MEDIUM
428,113.81,36.35,1.65,45.98,HIGH
429,76.12,27.74,0.471,18.76,MEDIUM
430,34.22,28.9,0.194,12.01,LOW
431,111.35,45.51,0.503,4.59,MEDIUM
432,79.85,32.89,0.078,7.36,LOW
433,29.57,78.46,0.165,0.17,LOW
434,53.02,22.88,0.862,4.92,LOW
435,95.72,77.61,1.427,0.77,MEDIUM
436,31.8,55.83,0.277,9.57,LOW
437,24.1,30.85,0.947,8.82,LOW
438,55.28,20.4,1.199,3.21,LOW
439,107.21,55.15,1.672,32.41,HIGH
440,29.4,13.95,1.23,8.52,LOW
441,78.77,29.39,0.607,11.02,MEDIUM
442,41.1,38.78,1.791,43.76,HIGH
443,104.09,91.52,1.793,9.02,HIGH
444,28.87,47.0,1.475,0.09,MEDIUM
445,107.35,48.91,0.627,18.73,HIGH
446,10.93,15.2,1.338,42.67,MEDIUM
447,56.3,77.4,1.814,11.94,HIGH
448,54.01,44.94,0.089,34.47,MEDIUM
449,61.68,20.33,0.337,43.96,MEDIUM
450,24.63,52.01,0.74,9.48,LOW
451,123.87,31.44,0.177,11.66,MEDIUM
452,13.74,40.55,0.344,37.66,MEDIUM
453,65.43,27.24,1.691,15.97,MEDIUM
454,75.48,79.42,1.676,46.04,HIGH
455,136.27,50.43,0.933,19.58,HIGH
456,12.84,44.72,0.687,11.56,LOW
457,67.49,29.35,0.497,0.9,LOW
458,149.32,88.82,1.433,47.95,HIGH
459,143.39,70.97,0.516,15.54,HIGH
460,37.35,13.9,1.008,1.15,LOW
461,29.98,41.55,0.828,29.23,MEDIUM
462,59.86,24.44,0.956,2.92,LOW
463,93.23,21.62,0.247,4.72,LOW
464,38.84,35.86,0.918,2.48,LOW
465,124.82,50.08,0.092,27.25,HIGH
466,61.67,70.3,0.056,24.89,MEDIUM
467,86.55,83.09,1.138,5.93,MEDIUM
468,90.9,24.04,0.528,0.45,LOW
469,61.57,46.68,1.31,46.78,HIGH
470,106.83,87.04,1.675,25.96,HIGH
471,67.58,57.83,0.085,31.92,MEDIUM
472,122.55,72.1,0.462,30.47,HIGH
473,37.93,60.07,0.419,41.44,HIGH
474,9.38,15.65,0.4,5.4,LOW
475,67.83,74.42,0.288,2.45,MEDIUM
476,90.55,33.34,1.816,10.54,MEDIUM
477,118.22,19.75,0.218,3.15,LOW
478,72.63,13.44,0.159,10.84,LOW
479,40.56,62.45,0.219,30.71,MEDIUM
480,17.62,26.34,1.009,8.14,LOW
481,125.88,47.72,1.058,21.5,HIGH
482,30.48,27.6,0.616,44.56,MEDIUM
483,62.89,66.8,0.951,9.97,MEDIUM
484,58.22,12.4,1.554,17.26,MEDIUM
485,0.76,12.42,1.216,8.71,LOW
486,1.5,37.78,0.164,2.78,LOW
487,120.55,13.8,0.846,22.77,MEDIUM
488,130.59,84.4,0.687,24.38,HIGH
489,56.18,37.72,1.282,22.71,MEDIUM
490,5.02,45.71,1.112,0.71,LOW
491,122.32,35.82,1.397,41.81,HIGH
492,43.7,59.3,0.439,0.43,LOW
493,35.15,33.27,0.899,5.93,LOW
494,25.98,22.08,0.911,27.94,MEDIUM
495,51.88,40.61,0.853,4.74,LOW
496,15.92,30.7,1.973,8.87,MEDIUM
497,114.54,24.36,1.218,21.8,HIGH
498,47.9,77.47,0.486,14.47,MEDIUM
499,112.06,28.25,0.82,44.26,HIGH
500,139.62,36.1,1.259,21.26,HIGH
501,26.57,71.14,0.732,24.36,MEDIUM
502,35.59,76.65,0.764,1.96,MEDIUM
503,73.73,74.77,0.465,10.08,MEDIUM
504,145.21,37.53,1.845,46.83,HIGH
505,19.34,73.39,0.936,29.17,HIGH
506,27.18,29.64,0.717,11.1,LOW
507,0.39,43.3,1.044,5.27,LOW
508,70.81,21.43,0.959,10.41,MEDIUM
509,20.07,57.4,1.239,24.29,MEDIUM
510,72.17,27.23,0.242,4.75,LOW
511,36.06,44.92,0.109,11.9,LOW
512,71.33,56.86,0.711,11.31,MEDIUM
513,29.32,61.43,0.19,33.9,MEDIUM
514,90.65,77.16,1.472,16.84,HIGH
515,136.59,16.0,1.08,47.22,HIGH
516,130.87,94.99,0.75,20.31,HIGH
517,15.85,19.32,0.252,16.68,LOW
518,85.78,33.43,1.67,16.17,MEDIUM
519,28.74,84.53,0.616,16.78,MEDIUM
520,4.74,46.79,1.032,5.68,LOW
521,2.23,73.85,0.134,4.41,LOW
522,85.77,60.64,0.144,40.89,HIGH
523,37.83,41.9,0.584,5.14,LOW
524,5.91,31.56,0.19,11.75,LOW
525,22.94,19.14,1.804,1.32,LOW
526,139.37,47.03,1.32,21.2,HIGH
527,8.21,18.13,0.618,8.25,LOW
528,93.44,21.1,0.306,0.63,LOW
529,26.3,19.82,1.286,45.96,HIGH
530,65.62,46.9,0.712,1.59,LOW
531,127.21,26.63,1.886,28.66,HIGH
532,51.19,38.98,0.055,2.32,LOW
533,45.96,51.48,1.339,23.98,MEDIUM
534,117.4,82.43,0.751,9.4,HIGH
535,19.63,11.04,0.102,12.23,LOW
536,108.91,31.98,1.239,39.41,HIGH
537,31.52,16.24,1.726,24.95,MEDIUM
538,103.93,72.33,1.425,8.06,HIGH
539,15.21,15.91,0.265,6.57,LOW
540,123.97,26.63,1.433,5.22,MEDIUM
541,83.24,57.02,0.337,24.53,HIGH
542,41.56,29.26,1.357,4.29,MEDIUM
543,49.63,33.76,0.333,6.8,LOW
544,50.37,94.44,1.65,8.99,HIGH
545,87.45,84.49,0.508,42.96,HIGH
546,29.27,36.75,0.545,34.05,MEDIUM
547,106.82,44.81,0.374,40.85,HIGH
548,101.8,23.25,0.325,4.07,LOW
549,19.03,56.13,1.481,15.08,MEDIUM
550,52.54,90.75,1.949,23.84,HIGH
551,62.02,25.61,0.525,3.46,LOW
552,15.02,33.49,1.02,7.07,LOW
553,136.62,40.42,1.368,10.53,MEDIUM
554,77.77,86.94,1.894,27.52,HIGH
555,53.88,32.01,0.719,3.42,LOW
556,24.11,57.69,0.593,44.28,HIGH
557,22.93,21.83,1.705,45.62,HIGH
558,58.94,80.44,0.801,38.3,HIGH
559,54.02,44.45,0.34,38.89,HIGH
560,122.24,48.92,0.352,12.91,MEDIUM
561,47.12,79.64,1.0,37.29,HIGH
562,86.96,36.95,0.691,7.24,MEDIUM
563,62.23,93.79,1.15,17.81,HIGH
564,31.55,92.11,1.512,38.24,HIGH
565,73.42,14.52,1.284,9.68,MEDIUM
566,45.47,59.34,1.358,6.05,MEDIUM
567,56.96,85.54,0.98,25.72,HIGH
568,58.45,34.19,0.193,13.26,LOW
569,149.53,23.44,0.43,39.11,HIGH
570,3.52,53.12,0.863,13.26,LOW
571,40.58,54.6,0.716,0.8,LOW
572,51.84,59.93,0.064,8.32,LOW
573,27.22,60.5,0.956,12.27,MEDIUM
574,57.06,56.69,1.048,20.83,MEDIUM
575,61.02,35.11,1.255,25.79,MEDIUM
576,51.29,19.51,0.16,18.01,LOW
577,60.42,50.8,0.806,21.32,MEDIUM
578,7.84,51.97,1.044,15.01,MEDIUM
579,80.99,93.83,1.942,44.86,HIGH
580,5.16,29.12,1.433,25.61,MEDIUM
581,49.4,88.53,0.327,43.95,HIGH
582,111.25,12.21,0.934,20.32,MEDIUM
583,97.4,15.3,1.71,16.31,MEDIUM
584,37.03,15.1,0.957,8.68,LOW
585,8.3,15.82,0.484,13.17,LOW
586,15.08,21.81,0.822,12.3,LOW
587,5.67,48.17,0.531,8.0,LOW
588,134.02,90.76,1.885,17.67,HIGH
589,136.92,26.26,1.069,13.93,MEDIUM
590,61.07,64.65,1.33,0.88,MEDIUM
591,45.4,20.76,1.732,12.79,MEDIUM
592,13.7,33.18,0.791,1.34,LOW
593,57.65,44.7,0.529,27.09,MEDIUM
594,13.53,72.24,0.494,0.65,LOW
595,68.97,44.75,0.142,38.75,HIGH
596,74.75,37.12,0.48,5.85,MEDIUM
597,46.47,19.49,0.366,7.88,LOW
598,32.37,40.52,1.102,40.93,HIGH
599,24.72,11.77,0.276,24.1,LOW
600,105.59,56.42,1.434,36.41,HIGH
601,94.9,53.34,0.422,31.45,HIGH
602,20.3,13.21,0.729,17.15,LOW
603,11.02,24.43,0.134,6.84,LOW
604,16.79,45.42,0.684,11.77,LOW
605,2.54,64.9,0.082,14.6,LOW
606,91.65,83.18,0.29,32.63,HIGH
607,8.57,41.31,0.456,2.31,LOW
608,134.37,45.58,1.244,14.38,HIGH
609,148.1,12.59,1.062,21.97,MEDIUM
610,73.89,49.03,1.264,14.8,MEDIUM
611,115.29,37.71,1.51,24.83,HIGH
612,9.92,34.73,0.162,41.65,MEDIUM
613,3.88,20.42,0.299,16.84,LOW
614,104.72,13.17,0.894,48.25,HIGH
615,56.09,35.9,0.412,5.63,LOW
616,2.95,75.7,0.27,12.22,LOW
617,131.88,36.23,0.202,12.95,MEDIUM
618,4.88,39.85,0.403,8.58,LOW
619,88.16,73.79,0.551,29.78,HIGH
620,12.58,42.13,0.193,11.31,LOW
621,60.54,81.37,1.692,36.51,HIGH
622,13.95,27.52,0.16,14.25,LOW
623,147.0,11.36,1.82,15.66,MEDIUM
624,71.99,27.38,1.439,22.47,HIGH
625,89.57,50.08,0.706,6.91,MEDIUM
626,99.45,52.38,0.425,16.46,MEDIUM
627,12.26,23.59,0.198,25.56,LOW
628,132.19,73.28,0.536,46.59,HIGH
629,15.92,49.94,1.954,9.76,MEDIUM
630,40.2,56.82,0.805,2.13,LOW
631,37.05,16.8,0.063,0.4,LOW
632,32.15,17.15,1.072,46.52,HIGH
633,2.87,23.21,0.934,14.2,LOW
634,133.65,71.57,0.76,14.14,HIGH
635,103.78,38.15,0.142,14.4,MEDIUM
636,100.38,43.19,1.813,34.29,HIGH
637,15.59,48.74,0.186,18.8,LOW
638,63.69,22.26,0.126,8.6,LOW
639,30.87,53.06,0.545,8.12,LOW
640,68.24,27.67,1.373,45.2,HIGH
641,9.57,87.59,0.726,29.94,MEDIUM
642,136.44,49.92,1.234,9.77,MEDIUM
643,98.05,61.66,1.237,25.84,HIGH
644,90.09,88.1,1.886,20.01,HIGH
645,6.86,20.9,1.627,31.5,MEDIUM
646,4.66,92.65,0.997,26.47,MEDIUM
647,5.85,63.29,1.001,5.05,LOW
648,0.57,56.37,1.256,15.69,MEDIUM
649,20.25,28.32,1.779,27.85,MEDIUM
650,70.17,55.45,1.144,15.56,MEDIUM
651,106.67,86.35,1.637,0.87,HIGH
652,12.14,36.31,0.209,19.16,LOW
653,148.16,35.52,0.525,27.34,HIGH
654,115.67,89.22,1.416,49.68,HIGH
655,17.06,32.89,1.505,1.25,LOW
656,80.1,25.79,1.916,17.84,MEDIUM
657,104.42,13.02,0.072,3.18,LOW
658,51.19,30.75,1.195,26.42,MEDIUM
659,70.11,43.32,0.191,38.38,HIGH
660,94.99,22.37,0.097,25.06,MEDIUM
661,38.02,11.03,1.288,5.05,LOW
662,72.64,68.61,0.069,7.22,MEDIUM
663,74.32,28.18,0.203,6.14,LOW
664,1.4,30.73,1.327,3.19,LOW
665,92.17,38.0,1.118,41.79,HIGH
666,40.18,55.97,1.66,40.12,HIGH
667,75.83,21.2,1.352,6.2,MEDIUM
668,9.36,60.38,0.766,9.47,LOW
669,44.21,16.78,0.913,5.74,LOW
670,75.89,27.67,1.561,46.8,HIGH
671,1.38,27.44,0.604,1.97,LOW
672,146.02,81.0,1.75,40.0,HIGH
673,2.44,36.25,0.583,17.13,LOW
674,36.12,77.21,1.21,30.58,HIGH
675,135.64,26.6,1.65,47.39,HIGH
676,104.35,17.49,1.34,35.59,HIGH
677,13.46,10.66,0.282,35.29,MEDIUM
678,102.99,91.31,1.553,45.54,HIGH
679,87.3,33.34,1.96,3.6,MEDIUM
680,108.07,70.61,1.206,37.97,HIGH
681,55.67,91.01,0.558,36.79,HIGH
682,106.96,71.1,0.745,1.12,MEDIUM
683,32.2,31.32,0.371,7.21,LOW
684,48.0,22.73,1.946,13.0,MEDIUM
685,77.81,91.65,1.318,10.54,HIGH
686,109.84,49.53,0.815,34.66,HIGH
687,23.61,58.31,0.056,1.13,LOW
688,0.74,18.52,0.634,40.26,MEDIUM
689,44.97,19.58,0.206,20.54,LOW
690,19.33,86.13,0.78,33.46,HIGH
691,56.04,52.89,1.994,31.2,HIGH
692,41.31,73.83,1.641,14.31,MEDIUM
693,20.74,85.84,0.13,37.54,HIGH
694,25.13,68.86,0.152,31.75,MEDIUM
695,5.4,49.79,0.335,11.35,LOW
696,96.82,80.67,1.681,0.98,MEDIUM
697,82.29,75.45,1.364,4.04,MEDIUM
698,61.78,67.53,0.356,26.14,MEDIUM
699,50.13,56.26,0.246,6.87,LOW
700,132.74,42.74,1.772,11.22,HIGH
701,7.77,47.66,0.692,47.66,MEDIUM
702,106.34,51.93,1.06,20.75,HIGH
703,24.21,73.78,1.29,39.23,HIGH
704,48.45,15.43,1.551,36.09,HIGH
705,65.41,16.76,0.416,4.74,LOW
706,10.0,57.13,0.289,12.37,LOW
707,42.4,75.46,1.583,15.0,MEDIUM
708,111.33,67.08,0.234,16.86,MEDIUM
709,46.43,72.83,0.176,1.01,LOW
710,37.29,44.44,0.857,1.0,LOW
711,123.96,27.54,0.282,13.0,MEDIUM
712,9.14,62.17,1.722,5.43,MEDIUM
713,8.05,28.57,0.547,8.91,LOW
714,80.76,60.1,0.64,41.92,HIGH
715,55.66,22.32,1.996,16.61,MEDIUM
716,126.05,18.17,1.812,0.28,MEDIUM
717,67.59,52.76,0.2,24.49,MEDIUM
718,131.6,19.71,0.55,33.41,HIGH
719,40.66,56.26,1.542,19.33,MEDIUM
720,58.73,30.8,1.513,4.95,MEDIUM
721,61.49,82.01,0.886,41.6,HIGH
722,148.38,94.45,1.07,7.33,HIGH
723,56.81,70.73,1.916,26.95,HIGH
724,99.36,41.43,1.08,34.68,HIGH
725,93.78,11.54,0.254,4.81,LOW
726,20.88,22.72,1.199,0.45,LOW
727,40.85,14.49,0.48,15.29,LOW
728,83.28,84.35,0.485,17.78,HIGH
729,31.51,37.03,0.185,15.96,LOW
730,68.75,82.09,0.824,5.38,MEDIUM
731,142.34,44.12,1.597,37.94,HIGH
732,99.96,58.94,1.1,7.64,MEDIUM
733,2.24,23.64,0.52,12.88,LOW
734,99.28,13.19,0.141,10.3,LOW
735,4.56,76.71,0.496,1.2,LOW
736,101.78,56.06,0.623,14.53,MEDIUM
737,12.64,11.29,1.112,0.56,LOW
738,33.9,60.53,0.594,0.94,LOW
739,49.73,74.19,1.402,8.09,MEDIUM
740,34.51,68.73,1.814,25.42,HIGH
741,118.13,90.17,1.706,26.5,HIGH
742,105.19,86.11,0.34,4.32,MEDIUM
743,58.28,78.56,1.623,15.22,HIGH
744,84.1,16.59,0.051,10.77,LOW
745,35.16,24.33,1.949,26.02,MEDIUM
746,73.57,84.13,0.634,27.01,HIGH
747,53.18,20.14,0.135,11.13,LOW
748,1.95,11.5,1.842,6.69,LOW
749,53.55,53.58,1.818,33.66,HIGH
750,107.21,12.68,1.237,44.85,HIGH
751,3.19,24.18,0.096,27.68,LOW
752,26.43,62.53,0.86,33.17,HIGH
753,64.81,20.85,0.326,2.05,LOW
754,94.37,22.56,1.557,28.96,HIGH
755,20.33,71.54,0.164,3.49,LOW
756,58.07,61.33,0.735,11.21,MEDIUM
757,4.98,47.43,0.236,21.05,LOW
758,47.07,46.61,0.666,20.33,MEDIUM
759,22.57,38.92,1.797,4.17,MEDIUM
760,2.5,41.08,0.204,1.32,LOW
761,5.91,39.81,0.94,10.87,LOW
762,80.43,80.67,1.503,33.79,HIGH
763,32.57,24.64,0.552,24.37,MEDIUM
764,134.7,21.99,0.324,5.66,MEDIUM
765,52.19,16.6,1.166,10.91,MEDIUM
766,69.6,17.2,0.932,4.42,LOW
767,19.99,34.82,0.897,2.35,LOW
768,16.59,50.16,0.333,8.54,LOW
769,19.64,30.16,1.487,19.69,MEDIUM
770,103.12,39.77,1.848,31.87,HIGH
771,78.71,30.41,1.946,5.14,MEDIUM
772,18.65,65.57,0.902,1.36,LOW
773,66.61,29.24,0.586,39.05,MEDIUM
774,63.63,80.97,1.318,14.43,HIGH
775,38.43,93.73,0.745,14.14,MEDIUM
776,22.71,24.61,0.987,49.31,MEDIUM
777,9.75,31.84,1.977,23.67,MEDIUM
778,19.76,63.44,0.967,4.41,MEDIUM
779,149.32,44.07,0.738,40.7,HIGH
780,132.96,13.12,0.884,25.3,HIGH
781,9.97,75.76,0.306,7.45,LOW
782,19.61,25.37,0.138,13.69,LOW
783,57.32,78.52,0.85,7.07,MEDIUM
784,0.47,72.7,1.338,4.23,MEDIUM
785,62.82,84.37,1.064,24.29,HIGH
786,26.56,26.77,0.57,19.43,LOW
787,131.08,28.91,0.468,15.34,MEDIUM
788,93.41,49.39,0.295,14.72,MEDIUM
789,12.53,94.47,1.848,29.93,HIGH
790,87.31,26.09,0.523,18.81,MEDIUM
791,15.99,85.04,1.905,23.88,HIGH
792,126.98,44.78,1.457,35.04,HIGH
793,9.05,90.5,0.723,3.38,LOW
794,71.45,13.69,0.737,22.08,MEDIUM
795,7.68,38.74,1.406,3.56,LOW
796,22.86,63.01,0.359,7.09,LOW
797,26.19,62.73,0.254,20.12,MEDIUM
798,35.62,23.94,1.012,6.3,LOW
799,26.04,21.36,0.842,8.45,LOW
800,19.55,21.31,1.447,17.54,MEDIUM
801,44.43,12.11,0.485,1.81,LOW
802,16.74,34.36,1.977,5.01,LOW
803,15.8,19.3,0.321,21.92,LOW
804,66.57,52.07,0.171,17.03,MEDIUM
805,140.42,74.23,1.243,36.18,HIGH
806,95.62,20.47,0.459,2.33,LOW
807,2.88,27.38,0.558,18.87,LOW
808,102.6,48.54,1.251,48.46,HIGH
809,128.32,31.25,1.528,3.98,MEDIUM
810,136.23,82.79,0.854,23.81,HIGH
811,92.27,27.15,1.595,18.37,MEDIUM
812,36.96,83.95,1.355,20.7,HIGH
813,120.67,11.37,1.511,12.31,MEDIUM
814,33.73,30.62,0.141,3.58,LOW
815,49.64,37.78,0.783,2.17,LOW
816,72.53,46.03,1.701,27.62,HIGH
817,101.63,22.82,0.199,3.35,LOW
818,18.1,44.32,0.816,3.24,LOW
819,4.95,41.76,1.642,1.98,LOW
820,73.34,80.91,0.567,28.4,HIGH
821,37.1,17.68,0.7,22.42,MEDIUM
822,82.2,70.92,0.233,2.37,MEDIUM
823,51.59,75.3,1.238,10.86,MEDIUM
824,12.57,69.01,0.799,0.28,LOW
825,6.24,90.06,0.996,26.28,MEDIUM
826,76.93,55.36,0.8,0.67,MEDIUM
827,22.04,14.48,0.757,3.53,LOW
828,147.41,64.74,0.322,48.19,HIGH
829,2.63,48.84,0.432,10.29,LOW
830,15.12,41.03,0.268,42.06,MEDIUM
831,84.51,39.45,0.15,31.27,MEDIUM
832,78.8,27.4,0.209,6.55,LOW
833,75.36,17.83,1.496,38.8,HIGH
834,147.15,27.98,1.317,38.55,HIGH
835,30.02,10.95,0.588,6.74,LOW
836,74.1,49.73,0.085,1.1,LOW
837,10.06,52.58,0.556,24.35,MEDIUM
838,10.84,20.09,0.568,11.6,LOW
839,58.92,62.8,1.936,17.37,HIGH
840,83.8,40.21,0.234,29.16,MEDIUM
841,130.16,85.99,1.235,29.42,HIGH
842,13.39,40.49,1.301,38.52,HIGH
843,121.74,61.51,0.507,7.18,MEDIUM
844,139.91,37.79,1.989,10.59,HIGH
845,28.0,15.92,0.893,46.65,MEDIUM
846,86.64,25.06,1.203,9.16,MEDIUM
847,81.94,94.44,1.049,43.91,HIGH
848,144.5,77.71,0.476,46.7,HIGH
849,6.24,16.84,1.232,12.04,LOW
850,19.76,42.6,0.734,4.4,LOW
851,21.0,34.8,1.656,0.38,LOW
852,130.61,28.05,1.471,24.14,HIGH
853,145.96,66.29,1.892,41.04,HIGH
854,144.04,79.97,0.532,20.84,HIGH
855,70.54,14.88,0.704,13.46,MEDIUM
856,94.59,88.31,1.447,3.36,HIGH
857,52.86,56.52,1.003,20.82,MEDIUM
858,11.55,57.9,0.553,14.21,LOW
859,22.03,92.88,0.939,15.59,MEDIUM
860,73.45,63.4,0.588,18.35,MEDIUM
861,139.39,90.08,1.197,46.69,HIGH
862,19.69,19.66,0.122,14.21,LOW
863,6.78,54.78,1.83,28.95,MEDIUM
864,141.85,44.99,1.448,29.26,HIGH
865,46.19,52.15,1.112,0.47,MEDIUM
866,72.1,45.15,0.234,46.57,HIGH
867,55.69,37.53,0.154,44.45,MEDIUM
868,120.2,70.79,0.749,19.32,HIGH
869,102.4,40.87,0.651,17.39,MEDIUM
870,121.14,41.37,0.213,8.61,MEDIUM
871,25.17,89.26,0.396,4.35,LOW
872,75.43,23.36,0.716,3.06,LOW
873,3.24,29.31,1.249,9.82,LOW
874,31.97,19.4,1.494,7.05,LOW
875,146.41,25.32,0.882,28.97,HIGH
876,104.01,56.45,1.726,46.47,HIGH
877,6.55,29.66,0.657,13.04,LOW
878,12.51,17.9,1.478,8.28,LOW
879,7.19,87.31,0.939,31.07,HIGH
880,72.93,67.56,1.086,34.36,HIGH
881,101.72,61.05,0.292,11.08,MEDIUM
882,3.38,46.87,1.886,1.21,LOW
883,3.36,13.16,1.823,11.06,LOW
884,98.42,11.26,1.238,4.99,MEDIUM
885,20.26,22.57,0.605,13.48,LOW
886,50.25,29.16,1.985,36.78,HIGH
887,71.02,58.08,0.599,44.52,HIGH
888,137.23,67.82,0.804,7.45,MEDIUM
889,107.27,38.24,0.556,37.32,HIGH
890,130.56,38.86,0.351,0.74,MEDIUM
891,31.65,77.8,0.474,4.56,LOW
892,15.17,50.11,1.699,1.44,LOW
893,37.49,25.91,0.397,24.05,MEDIUM
894,17.56,81.21,0.064,3.01,LOW
895,130.32,44.36,0.822,38.98,HIGH
896,20.03,83.65,0.582,0.69,LOW
897,22.56,70.0,1.019,0.1,LOW
898,44.19,14.56,1.885,22.98,MEDIUM
899,40.24,47.73,0.278,1.26,LOW
900,77.78,46.53,0.19,2.01,LOW
901,117.59,48.57,1.154,1.24,MEDIUM
902,105.82,10.16,1.087,10.43,MEDIUM
903,93.14,63.4,0.296,28.35,HIGH
904,8.18,91.73,1.353,31.25,HIGH
905,108.31,94.08,0.906,9.04,HIGH
906,67.85,16.03,1.355,42.86,HIGH
907,29.0,29.94,0.872,19.45,MEDIUM
908,119.98,12.16,0.679,38.5,HIGH
909,48.42,42.23,0.143,3.2,LOW
910,105.76,15.19,1.442,26.83,HIGH
911,90.28,78.1,0.651,13.68,MEDIUM
912,122.59,90.88,1.241,11.99,HIGH
913,11.89,25.06,0.385,12.59,LOW
914,39.13,11.14,0.823,11.63,LOW
915,25.58,93.71,0.269,4.52,LOW
916,133.13,86.03,1.406,27.68,HIGH
917,100.1,48.74,1.078,8.03,MEDIUM
918,81.12,91.67,0.631,40.52,HIGH
919,26.23,13.34,0.488,4.72,LOW
920,60.11,17.29,0.392,0.69,LOW
921,35.51,12.98,0.997,7.51,LOW
922,103.19,69.19,1.806,1.69,MEDIUM
923,21.32,49.43,0.699,43.51,MEDIUM
924,115.27,59.23,1.199,28.68,HIGH
925,59.26,58.56,0.16,4.29,LOW
926,27.57,73.48,1.268,19.08,MEDIUM
927,95.5,83.96,1.202,31.41,HIGH
928,141.77,78.7,1.34,48.2,HIGH
929,38.92,53.24,0.717,8.79,MEDIUM
930,16.39,31.51,0.07,11.2,LOW
931,59.59,10.68,1.767,33.55,HIGH
932,77.62,36.74,1.581,36.94,HIGH
933,25.33,56.43,0.27,4.92,LOW
934,149.88,54.14,1.534,11.89,HIGH
935,101.01,76.79,0.421,19.71,HIGH
936,52.38,88.99,1.622,40.65,HIGH
937,109.48,56.63,0.82,11.6,MEDIUM
938,31.52,87.31,1.22,22.67,HIGH
939,104.08,77.35,1.0,10.53,HIGH
940,62.72,83.24,0.587,45.85,HIGH
941,109.07,87.32,1.397,43.69,HIGH
942,88.96,94.81,1.859,19.65,HIGH
943,69.93,10.15,0.61,10.85,MEDIUM
944,16.03,20.33,1.003,9.83,LOW
945,38.4,53.57,0.627,16.29,MEDIUM
946,51.78,71.17,1.314,35.63,HIGH
947,9.27,94.19,0.825,0.0,LOW
948,0.01,58.77,1.354,46.39,HIGH
949,106.76,34.88,1.579,0.35,MEDIUM
950,70.5,41.73,1.515,46.2,HIGH
951,149.66,35.32,1.326,19.87,HIGH
952,59.85,69.53,0.638,36.25,HIGH
953,58.96,77.18,0.187,35.39,HIGH
954,39.61,41.65,1.945,46.66,HIGH
955,16.19,42.87,0.301,18.41,LOW
956,61.4,80.26,0.667,43.84,HIGH
957,1.99,61.72,1.695,45.29,HIGH
958,75.71,15.89,1.442,19.17,MEDIUM
959,11.89,11.07,0.366,16.05,LOW
960,3.46,16.94,0.165,25.25,LOW
961,55.99,34.96,1.57,31.19,HIGH
962,25.92,49.04,1.65,31.31,HIGH
963,14.5,70.89,0.596,2.38,LOW
964,3.98,76.83,0.948,20.24,MEDIUM
965,33.57,12.58,1.303,29.6,MEDIUM
966,45.24,84.99,1.794,10.99,MEDIUM
967,11.29,67.01,0.461,20.26,MEDIUM
968,99.76,75.58,1.977,19.74,HIGH
969,46.94,75.31,0.364,43.04,HIGH
970,139.73,89.7,0.512,2.83,MEDIUM
971,18.14,32.84,0.115,12.04,LOW
972,57.03,16.71,0.376,6.05,LOW
973,77.53,17.0,0.307,6.8,LOW
974,120.93,21.43,0.903,1.02,MEDIUM
975,58.79,87.5,1.646,28.73,HIGH
976,71.53,22.4,0.234,9.27,LOW
977,146.13,73.22,0.547,31.46,HIGH
978,80.75,54.51,0.964,12.08,MEDIUM
979,133.88,41.55,1.368,27.4,HIGH
980,28.37,76.82,0.356,5.47,LOW
981,7.58,11.96,0.402,3.38,LOW
982,62.82,47.36,0.628,2.64,LOW
983,17.31,69.58,0.195,0.89,LOW
984,0.35,19.04,1.654,33.34,MEDIUM
985,25.06,57.6,1.747,18.04,MEDIUM
986,13.89,27.41,1.356,7.62,LOW
987,7.67,68.51,0.871,3.88,LOW
988,117.12,13.32,1.803,46.03,HIGH
989,13.05,81.02,0.71,34.38,HIGH
990,91.16,90.46,1.033,17.28,HIGH
991,78.22,79.45,1.834,3.91,MEDIUM
992,37.63,13.42,1.08,32.15,MEDIUM
993,130.91,49.77,1.908,30.1,HIGH
994,46.42,68.35,1.891,30.77,HIGH
995,120.63,72.51,1.756,43.49,HIGH
996,21.91,64.63,0.851,3.03,LOW
997,110.39,86.22,0.682,0.35,MEDIUM
998,6.59,69.53,0.195,6.73,LOW
999,60.64,46.31,0.972,41.45,HIGH
1000,119.37,46.59,0.103,3.81,MEDIUM
1001,45.64,10.59,1.497,1.29,LOW
1002,106.31,25.86,0.245,36.24,HIGH
1003,66.28,75.42,1.441,5.9,MEDIUM
1004,116.7,22.26,1.568,30.58,HIGH
1005,110.64,17.74,1.181,49.46,HIGH
1006,9.18,76.22,1.453,17.38,MEDIUM
1007,70.21,64.83,0.093,9.6,MEDIUM
1008,67.46,46.44,1.307,28.16,HIGH
1009,2.05,57.83,1.056,46.97,HIGH
1010,62.84,22.76,1.763,10.6,MEDIUM
1011,18.07,74.03,1.535,8.72,MEDIUM
1012,29.44,91.28,1.688,42.14,HIGH
1013,64.79,18.57,1.218,33.07,HIGH
1014,55.09,29.55,0.234,18.33,MEDIUM
1015,121.47,33.07,1.613,16.72,HIGH
1016,84.75,82.79,0.34,1.0,MEDIUM
1017,115.92,81.71,1.216,7.47,HIGH
1018,11.78,10.68,0.686,16.32,LOW
1019,37.64,27.58,1.191,6.8,LOW
1020,92.13,93.77,1.369,40.38,HIGH
1021,116.57,71.96,1.726,32.09,HIGH
1022,29.47,83.72,0.156,8.34,LOW
1023,104.36,69.05,0.221,3.58,MEDIUM
1024,55.81,40.92,1.765,27.58,HIGH
1025,139.57,82.47,1.648,17.18,HIGH
1026,142.39,32.76,1.267,27.8,HIGH
1027,138.2,17.97,1.861,9.98,MEDIUM
1028,103.89,56.22,1.813,4.87,MEDIUM
1029,63.83,24.39,0.699,0.79,LOW
1030,49.43,92.78,1.051,11.94,MEDIUM
1031,97.1,24.19,0.091,6.48,LOW
1032,25.04,82.29,0.391,8.08,MEDIUM
1033,63.78,73.76,1.848,37.6,HIGH
1034,42.27,39.62,0.123,1.81,LOW
1035,148.37,38.98,0.925,32.0,HIGH
1036,26.46,31.71,1.418,5.32,LOW
1037,60.03,14.06,0.091,3.49,LOW
1038,136.98,16.73,1.461,43.19,HIGH
1039,48.55,71.66,0.698,16.78,MEDIUM
1040,76.29,38.71,0.612,2.51,LOW
1041,46.48,54.98,0.552,2.28,LOW
1042,114.32,19.1,1.642,20.38,HIGH
1043,21.42,74.37,0.252,0.74,LOW
1044,137.07,40.93,0.358,38.13,HIGH
1045,47.39,52.37,0.129,8.09,LOW
1046,42.84,49.81,0.295,39.5,HIGH
1047,59.71,38.46,0.174,5.43,LOW
1048,24.05,71.14,1.281,2.49,MEDIUM
1049,12.09,15.83,0.832,0.29,LOW
1050,40.56,21.51,0.348,7.91,LOW
1051,11.11,47.58,0.859,13.03,MEDIUM
1052,136.99,82.67,1.839,38.33,HIGH
1053,125.12,48.85,0.743,37.42,HIGH
1054,22.1,22.81,1.491,10.09,MEDIUM
1055,69.35,33.63,0.302,35.1,MEDIUM
1056,91.9,57.16,1.91,30.42,HIGH
1057,36.7,39.99,0.087,5.05,LOW
1058,84.05,44.85,0.47,14.6,MEDIUM
1059,14.17,34.77,1.131,27.79,MEDIUM
1060,106.16,28.13,0.064,43.46,HIGH
1061,57.68,16.6,1.113,30.09,MEDIUM
1062,114.98,33.11,0.674,14.62,MEDIUM
1063,77.14,85.89,0.093,38.67,HIGH
1064,65.16,63.97,1.329,26.64,HIGH
1065,69.23,19.44,0.901,32.49,MEDIUM
1066,72.68,86.74,1.403,9.41,MEDIUM
1067,45.14,67.85,1.863,42.64,HIGH
1068,135.8,55.3,1.111,7.28,MEDIUM
1069,142.92,16.18,0.58,16.56,MEDIUM
1070,16.39,93.51,1.26,15.57,MEDIUM
1071,35.0,78.05,0.307,20.63,MEDIUM
1072,110.83,74.78,1.454,26.11,HIGH
1073,27.27,52.84,0.709,20.86,MEDIUM
1074,44.71,44.34,0.937,22.97,MEDIUM
1075,77.49,49.93,0.298,35.24,HIGH
1076,35.01,40.52,1.911,20.84,MEDIUM
1077,55.46,14.8,0.221,2.59,LOW
1078,84.51,18.63,0.927,38.23,HIGH
1079,76.76,88.56,1.863,1.06,MEDIUM
1080,2.08,54.61,0.834,34.55,MEDIUM
1081,87.71,11.38,0.777,37.37,HIGH
1082,108.9,63.52,0.406,40.12,HIGH
1083,20.34,67.04,1.686,38.86,HIGH
1084,9.53,73.65,0.406,0.16,LOW
1085,20.53,14.94,1.986,4.43,LOW
1086,102.63,57.83,1.795,2.03,MEDIUM
1087,23.07,74.67,1.31,48.98,HIGH
1088,48.44,14.33,0.456,11.2,LOW
1089,142.61,26.79,0.711,5.5,MEDIUM
1090,13.17,37.8,1.541,40.21,HIGH
1091,98.19,51.86,1.69,12.84,HIGH
1092,12.62,17.95,0.729,26.09,MEDIUM
1093,94.34,92.67,1.698,0.43,MEDIUM
1094,79.69,81.39,0.89,27.42,HIGH
1095,33.98,36.56,1.038,27.03,MEDIUM
1096,25.63,31.02,0.982,47.99,MEDIUM
1097,11.55,24.25,0.944,8.46,LOW
1098,103.64,74.83,1.748,10.62,HIGH
1099,61.89,56.04,0.094,44.86,MEDIUM
1100,148.42,54.77,0.934,6.01,MEDIUM
1101,51.06,86.35,0.252,37.27,HIGH
1102,121.36,61.05,1.26,34.69,HIGH
1103,96.71,42.39,1.647,38.69,HIGH
1104,1.6,67.06,0.933,30.56,MEDIUM
1105,15.8,67.66,1.126,0.42,LOW
1106,5.92,21.62,1.933,7.67,LOW
1107,48.65,60.75,1.735,27.29,HIGH
1108,28.33,17.29,1.954,0.67,LOW
1109,94.91,51.66,1.722,28.82,HIGH
1110,5.45,14.05,1.152,15.76,LOW
1111,32.81,11.57,0.333,7.82,LOW
1112,24.18,46.23,0.678,6.91,LOW
1113,139.9,17.21,1.464,10.15,MEDIUM
1114,15.52,13.77,0.342,13.19,LOW
1115,131.6,41.96,1.946,5.73,MEDIUM
1116,63.67,67.9,1.07,33.84,HIGH
1117,148.15,67.44,0.828,4.43,MEDIUM
1118,50.49,24.09,0.844,38.36,MEDIUM
1119,41.11,39.11,0.171,0.93,LOW
1120,73.41,40.34,0.355,5.5,LOW
1121,123.56,87.87,0.972,5.93,HIGH
1122,38.05,17.24,0.759,20.54,MEDIUM
1123,36.24,15.86,0.158,11.93,LOW
1124,7.37,33.03,1.649,9.38,LOW
1125,72.48,58.5,0.504,12.94,MEDIUM
1126,19.6,28.07,0.496,16.15,LOW
1127,13.29,31.82,1.657,25.98,MEDIUM
1128,76.04,38.86,1.244,32.6,HIGH
1129,107.29,85.21,0.671,33.31,HIGH
1130,42.78,28.42,0.153,8.45,LOW
1131,25.27,32.78,0.371,42.29,MEDIUM
1132,36.99,58.43,0.628,0.75,LOW
1133,55.48,93.78,1.089,20.35,HIGH
1134,32.13,82.41,0.64,25.7,MEDIUM
1135,96.54,76.27,1.521,36.75,HIGH
1136,12.53,76.63,0.234,10.99,LOW
1137,133.56,45.42,1.94,47.18,HIGH
1138,14.48,26.65,0.157,0.72,LOW
1139,16.12,43.32,1.898,1.85,LOW
1140,81.17,18.02,0.414,29.34,MEDIUM
1141,86.67,21.46,1.918,2.32,MEDIUM
1142,63.73,32.17,1.143,30.49,MEDIUM
1143,57.6,65.52,1.487,21.66,HIGH
1144,95.46,62.8,1.155,1.42,MEDIUM
1145,38.81,70.57,0.822,27.9,HIGH
1146,84.76,37.97,1.674,20.77,HIGH
1147,16.73,73.36,1.366,46.64,HIGH
1148,0.96,59.32,0.281,1.98,LOW
1149,39.82,20.98,0.449,4.64,LOW
1150,143.3,28.8,0.925,8.94,MEDIUM
1151,29.93,36.58,1.388,11.13,MEDIUM
1152,19.87,93.92,1.049,48.25,HIGH
1153,0.19,18.98,0.431,14.24,LOW
1154,145.52,33.84,0.161,34.75,HIGH
1155,19.51,28.27,0.717,33.02,MEDIUM
1156,126.37,56.5,0.206,4.26,MEDIUM
1157,12.92,13.9,0.836,15.79,LOW
1158,58.81,36.8,0.133,5.28,LOW
1159,46.42,54.23,0.427,0.85,LOW
1160,59.36,89.44,1.512,5.88,MEDIUM
1161,44.99,33.06,0.279,13.32,LOW
1162,1.33,62.37,1.325,0.87,LOW
1163,122.69,76.18,1.693,46.57,HIGH
1164,6.97,67.14,0.26,8.76,LOW
1165,66.62,67.2,0.804,8.13,MEDIUM
1166,104.25,22.74,1.022,27.41,HIGH
1167,76.26,39.08,0.933,30.41,HIGH
1168,54.01,19.72,1.773,14.87,MEDIUM
1169,128.96,66.73,1.559,49.83,HIGH
1170,33.54,77.87,0.991,19.22,MEDIUM
1171,25.28,83.97,0.53,34.02,HIGH
1172,3.72,47.32,1.828,6.65,LOW
1173,73.94,17.42,0.766,39.17,HIGH
1174,19.63,79.49,0.059,30.12,MEDIUM
1175,54.79,17.9,1.25,9.36,MEDIUM
1176,27.95,25.2,1.726,42.17,HIGH
1177,113.24,80.45,0.701,5.83,MEDIUM
1178,76.27,84.17,0.326,49.66,HIGH
1179,73.14,18.58,1.789,10.39,MEDIUM
1180,21.45,22.98,1.831,5.39,LOW
1181,17.31,47.52,0.239,12.84,LOW
1182,10.66,31.87,1.195,11.1,MEDIUM
1183,6.16,30.89,0.342,25.14,LOW
1184,26.97,78.86,0.875,28.64,HIGH
1185,77.48,12.17,0.425,10.85,LOW
1186,133.23,11.44,0.977,43.64,HIGH
1187,20.28,13.41,1.083,13.65,LOW
1188,81.53,83.76,0.413,5.47,MEDIUM
1189,50.62,20.14,0.722,4.99,LOW
1190,112.76,14.3,0.422,49.26,HIGH
1191,149.83,41.06,1.087,17.35,HIGH
1192,61.8,22.37,0.618,4.42,LOW
1193,15.7,44.15,0.148,9.6,LOW
1194,142.16,36.54,0.551,16.36,MEDIUM
1195,12.53,16.59,0.454,16.72,LOW
1196,40.82,82.18,1.537,40.51,HIGH
1197,125.72,45.24,0.226,44.52,HIGH
1198,106.02,93.45,0.4,23.29,HIGH
1199,87.09,65.32,1.533,13.57,HIGH
1200,37.91,53.73,1.844,35.39,HIGH
